{"cameraMode":{"drawMode":0,"name":"Shaded","section":"Shading Mode"},"sceneLighting":true,"audioPlay":false,"sceneViewState":{"showFog":true,"showMaterialUpdate":false,"showSkybox":true,"showFlares":true,"showImageEffects":true,"showParticleSystems":true},"in2DMode":false,"pivot":{"x":1.8166732788085938,"y":-5.299112319946289,"z":-4.521063804626465},"rotation":{"x":0.2156350016593933,"y":-0.7685832977294922,"z":0.3281276822090149,"w":0.5050892233848572},"size":42.9671630859375,"orthographic":false}