{"cameraMode":{"drawMode":0,"name":"Shaded","section":"Shading Mode"},"sceneLighting":true,"audioPlay":false,"sceneViewState":{"showFog":true,"showMaterialUpdate":false,"showSkybox":true,"showFlares":true,"showImageEffects":true,"showParticleSystems":true},"in2DMode":false,"pivot":{"x":1.1572214365005494,"y":0.6907954812049866,"z":-18.75890350341797},"rotation":{"x":0.2156350016593933,"y":-0.7685832977294922,"z":0.3281276822090149,"w":0.5050892233848572},"size":11.000378608703614,"orthographic":false}