{"cameraMode":{"drawMode":0,"name":"Shaded","section":"Shading Mode"},"sceneLighting":false,"audioPlay":false,"sceneViewState":{"showFog":true,"showMaterialUpdate":false,"showSkybox":false,"showFlares":true,"showImageEffects":true,"showParticleSystems":true},"in2DMode":false,"pivot":{"x":-2.297748327255249,"y":-2.4626476764678957,"z":-0.9221160411834717},"rotation":{"x":0.2242320030927658,"y":-0.7557559609413147,"z":0.32399263978004458,"w":0.5230519771575928},"size":11.036775588989258,"orthographic":false}